First Name,Last Name,Job Title,Department,Email,Date of Birth,Phone Number,Address,Salary,Password,Field_Count
Nicole,Bowers,Software Engineer,Engineering,n.bowers@example.net,1991-12-31,(558)954-4728,"992 Little Crescent Suite 477, New Michelle, WV 55144",99479,8UyRjJXgXqzt,10
Kenneth,Martin,Software Engineer,Engineering,k.martin@example.net,1964-05-28,(353)851-6639,"96474 Heather Mews Apt. 221, Danaside, KS 38980",11991,0g5CxxLS1XWD,10
Natasha,Robbins,Account Manager,Sales,n.robbins@example.com,1963-07-27,(600)339-1177,"78544 Jones Forks, Jimmyhaven, AS 34257",85947,0NCBDLdJhdLA,10
Michelle,Davidson,Account Manager,Sales,m.davidson@example.com,1983-03-15,(978)334-7259,"Unit 8796 Box 4173, DPO AP 06821",90409,zQeH4uBf4UDg,10
John,Jordan,Marketing Manager,Marketing,j.jordan@example.org,1993-02-19,(255)272-5184,"943 Watson Court, West Mitchell, WI 93597",30854,6ZDMSSzTvdwl,10
Anna,Johnson,Recruiter,Human Resources,a.johnson@example.edu,1965-01-02,(165)495-3149,"2961 Luis Fall Apt. 139, West Albertview, SC 35332",36915,4xkhRYE7x0qo,10
Ryan,Patterson,Software Engineer,Engineering,r.patterson@example.org,1966-04-05,(289)396-8721,"80077 Brittany Turnpike Suite 245, Lake Kathytown, WA 29356",59619,hC49Kt5ZmP3Q,10
Anthony,Williams,Talent Acquisition Manager,Human Resources,a.williams@example.org,2003-03-29,(416)445-4333,"017 Holden Spring, East Robertport, AL 10923",9269,lmo44td97Bgp,10
Richard,Reynolds,DevOps Engineer,Engineering,r.reynolds@example.com,1980-11-20,(750)714-4178,"49680 Washington Meadow Suite 532, South Davidville, NC 62310",94756,MO9CsIeq7FsD,10
Jackson,Mullen,Social Media Marketing Manager,Marketing,j.mullen@example.org,2005-11-24,(106)265-4660,"467 Matthew Road Suite 885, Lake Timothyport, GU 84389",14220,2wV1g2PC3gFE,10
Manuel,Martin,Financial Analyst,Finance,m.martin@example.com,1977-11-14,(153)294-1930,"0671 Benson Brook Apt. 556, Adammouth, IN 29480",75996,27EGbbDfOJ9Z,10
James,Hardy,Sales Representative,Sales,j.hardy@example.net,1968-09-29,(229)762-8595,"9149 Sarah Lodge, New Kimberly, OR 16199",45962,NAWbCbhvh6Rh,10
Douglas,Hill,HR Specialist,Human Resources,d.hill@example.net,1985-03-30,(692)599-0094,"150 Patel Burg Suite 201, Davisland, PA 86540",70969,5ZSVq3bETNZH,10
Angela,Miller,Financial Analyst,Finance,a.miller@example.org,1991-07-27,(228)210-0719,"1491 Lacey Parkway, Wesleyberg, VT 09691",94440,l3nc5RgcfHUD,10
Eric,Taylor,Controller,Finance,e.taylor@example.com,1975-03-04,(840)342-2455,"87014 Patton Mill, Johnsonfurt, WY 33723",18882,G1NOvqgv705o,10
David,Watson,Account Manager,Sales,d.watson@example.net,1990-06-27,(109)181-4145,"PSC 1945, Box 0066, APO AE 77316",68322,WoBnYLg1Ji36,10
Shelley,Bryant,Talent Acquisition Manager,Human Resources,s.bryant@example.edu,1990-01-21,(827)843-1998,"5173 Vincent Fort, Robertfort, OK 01583",60478,y0pJkdx424LE,10
John,Moreno,Social Media Marketing Manager,Marketing,j.moreno@example.edu,1959-02-06,(720)609-9382,"16249 Christopher Route Apt. 449, Williamsborough, MO 23435",47118,FntXkXA60ia9,10
Phyllis,Brown,Social Media Marketing Manager,Marketing,p.brown@example.com,1974-03-30,(118)278-1056,"PSC 4445, Box 9058, APO AP 14961",85068,KE007YjxcSxj,10
Chad,Vasquez,Accountant,Finance,c.vasquez@example.org,1983-04-28,(837)363-5959,"2811 Anthony Lodge Apt. 363, Hollandberg, DE 25261",68524,TketZvayKk6A,10
Heather,Hines,Financial Analyst,Finance,h.hines@example.net,1984-04-29,(249)696-4737,"PSC 8891, Box 2909, APO AP 39563",39527,7z2aR8fVzb0N,10
Jennifer,Sanders,DevOps Engineer,Engineering,j.sanders@example.com,1989-09-18,(880)476-9282,"62984 Marvin Lodge, Matthewtown, KS 55156",52991,x2AhRCeZUmrL,10
Marissa,Erickson,DevOps Engineer,Engineering,m.erickson@example.org,1967-05-26,(440)674-3480,"345 Anne Inlet Apt. 202, North Paul, MS 22457",47186,saNC8wSm3Wwf,10
Diane,Mcdaniel,Sales Representative,Sales,d.mcdaniel@example.net,1964-09-02,(807)838-7153,"USS Cooper, FPO AP 27455",23616,23RUlDSY0IAN,10
Michele,Vaughn,Controller,Finance,m.vaughn@example.edu,1974-10-14,(987)797-0997,"8812 Carrillo Square, Lake Charlesmouth, OR 72490",98928,3lI6X4dq2pXy,10
Christopher,Blankenship,Financial Analyst,Finance,c.blankenship@example.com,1968-04-09,(518)889-1253,"01986 Hunter Spur Suite 899, East Ryanborough, WY 04498",61664,XJQgdv4sD4cI,10
Jonathan,Holt,Account Manager,Sales,j.holt@example.com,1977-10-02,(144)554-8148,"Unit 3386 Box 7039, DPO AA 00705",48390,5l3IUURbxupA,10
Gina,Moore,Financial Analyst,Finance,g.moore@example.edu,1961-10-30,(235)579-1992,"2916 Crosby Drives, Carterburgh, WV 19806",26255,3REahas4bvpT,10
Cynthia,Chang,Account Manager,Sales,c.chang@example.org,2006-04-28,(503)416-9174,"056 Vanessa Greens Apt. 404, Lozanoville, MS 22396",72151,7vBfYGoC45nW,10
Barbara,Baker,Data Scientist,Engineering,b.baker@example.edu,1990-01-04,(237)971-4714,"48860 Carr Forges, Williamsside, OH 27442",40553,1B8B0nbXMEXT,10
Rhonda,Watkins,Talent Acquisition Manager,Human Resources,r.watkins@example.org,1983-12-18,(184)483-9146,"7577 Alejandra Ranch, New Susan, AR 72003",58014,5GkGg9WB31Az,10
Jessica,Mitchell,Talent Acquisition Manager,Human Resources,j.mitchell@example.org,1971-11-03,(185)541-9590,"84728 Tiffany Point Apt. 675, Gonzalezport, ID 85740",49415,n0VYuLoqia4t,10
Christina,Kelly,Software Engineer,Engineering,c.kelly@example.edu,1988-05-16,(450)918-0252,"656 Simpson Gardens, Michaelport, AZ 20141",81645,7D5lL1AX68yZ,10
Dominique,Williams,Software Engineer,Engineering,d.williams@example.org,1972-07-27,(314)130-7722,"9628 Wheeler Coves Suite 138, Gonzalezbury, AR 27251",80790,4VsLeLHQ3CkZ,10
John,Buchanan,Financial Analyst,Finance,j.buchanan@example.com,1992-06-21,(479)709-1355,"8681 Allison Union, South Ritashire, AS 64454",63097,rXSuwAc7F1HS,10
Allison,Howard,Data Scientist,Engineering,a.howard@example.edu,1959-10-27,(367)310-8454,"1374 Carter Ville, New Lisatown, CA 24887",47583,53DssKc0AgSJ,10
Jane,Henry,Account Manager,Sales,j.henry@example.edu,1991-08-31,(598)636-9530,"660 Hatfield Plains, Sanchezton, RI 29095",13661,vfIwExZlR6QH,10
Sharon,Juarez,Data Scientist,Engineering,s.juarez@example.net,1983-01-27,(810)321-8342,"793 Flores Ferry, New Cheyennetown, GA 25743",74083,VFvmIm1w1V79,10
Adrian,Nichols,Software Engineer,Engineering,a.nichols@example.org,1976-02-13,(288)667-3163,"USS Velasquez, FPO AP 76503",84943,VwVn8EI45neq,10
Willie,Bryant,DevOps Engineer,Engineering,w.bryant@example.edu,1998-03-04,(700)541-2736,"51451 Nicole Estate Suite 107, South Tracey, MA 82694",13291,Eaq0w2SdZRB9,10
Alfred,Daugherty,Content Marketing Specialist,Marketing,a.daugherty@example.com,1958-11-03,(158)724-4696,"8258 Leonard Plain Suite 046, Hamptonfurt, NJ 12971",36015,azOTaItj3uDZ,10
Erin,Anderson,Financial Analyst,Finance,e.anderson@example.edu,2001-12-02,(815)989-2602,"6918 Charles Port, Gonzalesland, MT 53491",86664,z82x7AslbvRg,10
Ricky,Crosby,Software Engineer,Engineering,r.crosby@example.net,1979-04-24,(599)144-5769,"817 Erin Squares, Kristinville, GU 66877",16767,I1IloYP5C2jf,10
Heather,Jones,Sales Representative,Sales,h.jones@example.org,1987-08-22,(382)748-6763,"7439 Finley Overpass Apt. 061, Port Mary, AL 03701",28471,UKfSEwN7yxl8,10
Phillip,Garcia,Accountant,Finance,p.garcia@example.org,1963-10-24,(525)378-9767,"9731 Alexander Locks Apt. 302, Lake Josephport, MO 98504",8755,5UwLxYKpWY17,10
Jennifer,Rogers,Financial Analyst,Finance,j.rogers@example.net,2003-04-29,(222)818-2557,"PSC 5432, Box 4211, APO AP 85230",89160,5scaS6iuqt8p,10
Briana,Cox,Controller,Finance,b.cox@example.net,1978-11-23,(826)196-0672,"8720 Smith Wells Suite 115, Moodytown, NC 09401",59138,ll4dKWcwXDtT,10
Edward,Holden,Content Marketing Specialist,Marketing,e.holden@example.edu,1991-12-08,(431)858-9090,"247 Christensen Grove, North Elizabeth, HI 13863",59231,6PunQwRzJyMD,10
Susan,Ferguson,Controller,Finance,s.ferguson@example.com,1988-03-10,(745)022-5014,"445 Daniel Wall, New Theresamouth, NM 52937",23352,wGa8dabd9Cnc,10
Roy,White,Sales Representative,Sales,r.white@example.com,1964-07-20,(838)013-2141,"5126 Bennett Squares Suite 351, Lake Nicholas, MA 05512",28821,w0cwRfam4eRA,10
Lindsey,Garcia,Account Manager,Sales,l.garcia@example.edu,1984-01-19,(419)791-6054,"62889 Tara Highway, South Alyssaburgh, PR 76811",25478,48xd66VaXUwl,10
Alex,Casey,Account Manager,Sales,a.casey@example.net,1960-03-06,(545)597-6760,"548 Gould Roads Apt. 809, East Danielleview, CT 49956",50020,5DmEXsq1lcxL,10
Allison,Cummings,HR Specialist,Human Resources,a.cummings@example.com,1969-08-22,(454)749-4384,"63115 Wesley Streets, South Ashley, HI 51696",60211,57fkGEygzSoR,10
Patricia,White,Content Marketing Specialist,Marketing,p.white@example.org,1997-02-03,(659)734-6414,"Unit 0651 Box 1879, DPO AE 22383",47658,nmREv4QoZ86v,10
Paul,Carrillo,Data Scientist,Engineering,p.carrillo@example.org,1967-04-02,(521)087-9066,"97076 Gonzalez Springs Apt. 724, East Alexis, WA 13084",26659,6ztHP7iyivXy,10
Jennifer,Calhoun,HR Specialist,Human Resources,j.calhoun@example.org,1997-09-04,(776)375-9687,"4743 Dillon Junctions Apt. 072, Lake Marietown, LA 25337",31487,9HkVUp9oJ9QC,10
Ashley,Watson,Controller,Finance,a.watson@example.org,1977-02-08,(379)099-4915,"71844 Bartlett Landing, Benjaminchester, UT 70607",46427,EQX61ZDy3XAB,10
Timothy,Patterson,Talent Acquisition Manager,Human Resources,t.patterson@example.net,1961-09-20,(362)884-5074,"USNV Casey, FPO AE 23081",74239,9OKnUoNzWc6g,10
Ryan,Brown,DevOps Engineer,Engineering,r.brown@example.edu,2003-11-23,(417)263-1496,"995 Wright Fort Apt. 468, New Elizabethchester, VA 26754",50993,b2x9Aid1KZIS,10
Christie,Harris,Content Marketing Specialist,Marketing,c.harris@example.net,1963-01-29,(479)272-5382,"USNV Mendoza, FPO AA 88333",2272,tpzlgLKkE2ZD,10
Nicholas,Walters,Financial Analyst,Finance,n.walters@example.com,1973-04-29,(968)360-3417,"67254 Walton Parkway, South Richard, CT 82890",6008,tsXHTYnr5M1Y,10
Barbara,Mora,Software Engineer,Engineering,b.mora@example.com,1989-09-03,(132)351-4891,"65453 Norris Fords, New Faithburgh, NY 60413",41782,aqndIFouO66N,10
Andrew,Gross,Social Media Marketing Manager,Marketing,a.gross@example.com,1989-07-07,(974)400-1621,"4718 Melinda Springs Apt. 969, South Michaelside, NV 93743",46470,OWHyfB5v6ctj,10
Benjamin,Jackson,HR Specialist,Human Resources,b.jackson@example.edu,1973-04-10,(180)452-7164,"81724 Castro Ramp Suite 931, Lake Robertport, AZ 17195",13962,80OFW3LcAmnz,10
Jonathan,Lutz,Controller,Finance,j.lutz@example.net,1960-08-07,(872)192-3060,"92819 Sheila Knoll Suite 639, Scottberg, TN 87801",91593,qYZg68gSn8Qd,10
William,Huynh,Account Manager,Sales,w.huynh@example.edu,1978-04-20,(862)930-8532,"PSC 9849, Box 0404, APO AP 37484",8699,uzGBZqH9A8pi,10
Michael,Cox,Marketing Manager,Marketing,m.cox@example.edu,1978-09-20,(762)031-8785,"81063 Patricia Road, Stevensshire, MD 20581",57609,n00L4cpq0yRX,10
David,Brown,Talent Acquisition Manager,Human Resources,d.brown@example.edu,2002-03-31,(558)570-5558,"9243 Scott Rapid Apt. 459, West William, DC 46068",20352,YB6NthqJMqoY,10
Michael,Clark,Controller,Finance,m.clark@example.com,1967-12-29,(901)937-0149,"Unit 2231 Box 2889, DPO AE 27175",61472,Ek3R3aU51Ljz,10
Cynthia,Chandler,Account Manager,Sales,c.chandler@example.org,1984-11-07,(251)215-3909,"3417 Frazier Stravenue Suite 990, Jacksonhaven, MO 27907",3933,3QxG7vsuNoCY,10
Francisco,Fowler,Talent Acquisition Manager,Human Resources,f.fowler@example.net,2005-12-25,(196)189-0733,"PSC 6600, Box 8599, APO AP 15908",43001,5M3dwAJ763OK,10
Stephanie,Garcia,Controller,Finance,s.garcia@example.org,1981-09-01,(202)858-7358,"81790 Bradley Courts, Freemanfurt, WI 98269",85872,aT6TnwziII8r,10
Chris,Lewis,Data Scientist,Engineering,c.lewis@example.net,1965-10-19,(960)314-7704,"288 Rodriguez Creek, Morenoport, KS 51141",17432,o6YMYNd9U7cj,10
Christian,Cummings,Data Scientist,Engineering,c.cummings@example.org,1984-04-26,(247)263-2160,"3289 Philip Walk Apt. 118, Christopherville, DE 78616",96132,H8QLqj6nBs8P,10
Tracy,Cole,Marketing Manager,Marketing,t.cole@example.edu,2005-09-02,(383)790-6282,"79826 Smith Trail Apt. 436, East Kristychester, LA 62114",28420,8gWpjXePtSKA,10
William,Aguirre,Marketing Manager,Marketing,w.aguirre@example.org,2003-07-14,(666)843-5604,"870 Sara Prairie, Ibarraside, KS 56172",92324,2YhkIsStZvLC,10
Jill,Torres,Financial Analyst,Finance,j.torres@example.net,1977-01-01,(151)408-6261,"97551 Kyle Square, East Lisastad, NV 11769",61279,8qSDIspiqbUM,10
Leah,Adams,Recruiter,Human Resources,l.adams@example.net,1983-07-08,(412)187-5745,"617 Stewart Knoll Apt. 064, Josephfort, IN 22135",7753,lO2b0zlUOu8S,10
Deborah,Murray,Account Manager,Sales,d.murray@example.org,1958-08-09,(862)578-7542,"Unit 5248 Box 2752, DPO AA 29423",99514,1hGvHg9PqBHz,10
Gilbert,Meadows,Sales Representative,Sales,g.meadows@example.net,1982-11-06,(435)315-3241,"0505 Cole Freeway, West Dennis, CA 27135",50148,s27uRFTn7wFQ,10
Kevin,Acevedo,Content Marketing Specialist,Marketing,k.acevedo@example.com,1993-01-30,(140)418-3074,"90415 James Ranch, Port Peterfort, OH 59731",81457,gHH2jpd20LgB,10
Samuel,Davis,Software Engineer,Engineering,s.davis@example.org,1998-02-03,(636)522-1464,"035 Mcdonald Forges Suite 436, Danielston, MA 08024",24611,d62JsIVOWKsF,10
Amy,Davis,Content Marketing Specialist,Marketing,a.davis@example.edu,1996-08-01,(543)790-5267,"85077 Gregory Coves, Gabriellemouth, WI 89326",93924,1Pcx3JdOEZPm,10
Jessica,Mejia,HR Specialist,Human Resources,j.mejia@example.com,1965-05-04,(205)630-3284,"7235 Hurst Fort, Carmenshire, AR 79430",77638,7vYtbjn0cQEc,10
Amy,Lewis,Financial Analyst,Finance,a.lewis@example.com,1981-08-07,(889)742-4449,"2866 John Drive Suite 220, Lake Brianna, AR 91485",49867,Q8QrR3KdsrLx,10
Stephen,Hill,Sales Representative,Sales,s.hill@example.net,1968-10-27,(741)239-2309,"8820 Wilcox Hollow, Estradaside, ID 49286",61635,hfRLQMvi4rHF,10
Chelsey,Fuller,Content Marketing Specialist,Marketing,c.fuller@example.com,1977-01-14,(434)501-3523,"3041 James Prairie Suite 708, Lake Michael, OH 21035",89626,8RGQS9nzd7fq,10
Robin,Cabrera,Marketing Manager,Marketing,r.cabrera@example.org,2000-01-01,(601)468-2254,"6892 Ruiz Junction Apt. 144, East Amandaside, MD 79589",23962,M07GJxlJKFie,10
Emily,Mcdaniel,Data Scientist,Engineering,e.mcdaniel@example.com,1997-10-04,(568)023-9153,"668 Danielle Vista Suite 888, South Brittneyland, KY 34893",41925,cFqMF4ges3XH,10
Ryan,Stewart,HR Specialist,Human Resources,r.stewart@example.com,1972-11-01,(606)213-1256,"00170 Laura Causeway Apt. 317, Lake Matthewton, VA 99574",36222,7ISiE9wDKthU,10
Nicole,Hurst,Financial Analyst,Finance,n.hurst@example.org,1988-01-06,(204)890-4701,"Unit 0981 Box 3321, DPO AE 22864",97100,9wrGjxeLev9U,10
Diana,Jones,Sales Representative,Sales,d.jones@example.net,1967-04-29,(233)415-4569,"9283 Ortiz Rapid Apt. 368, Pricebury, AS 50306",95580,e1csUIOqU0So,10
James,Gibson,Content Marketing Specialist,Marketing,j.gibson@example.edu,1970-02-09,(202)277-6309,"70726 Kristen Cape Suite 981, Taraville, IL 24386",7324,N7zc9beJ4z3l,10
Ronnie,Thompson,Data Scientist,Engineering,r.thompson@example.net,1960-01-18,(431)907-9590,"965 Scott Ranch, Ericaburgh, AZ 06290",83691,ZU8NA9hbabu3,10
Corey,Farrell,Software Engineer,Engineering,c.farrell@example.net,1960-05-21,(105)110-1004,"191 Anna Islands Apt. 161, East Sylviaville, PA 90165",88539,vyPB9l16L20L,10
Sean,Lucero,HR Specialist,Human Resources,s.lucero@example.edu,1974-03-31,(317)325-3364,"7202 Long Spurs, Harringtonstad, NC 26507",34406,91kqgsSE3YJJ,10
Gregory,Thomas,Account Manager,Sales,g.thomas@example.edu,2006-05-12,(656)826-5828,"9943 Lisa Brooks, Garciamouth, RI 86631",79020,1b9bFEbRSoNi,10
David,Carter,Financial Analyst,Finance,d.carter@example.org,1987-04-29,(974)697-9997,"7974 Lynn Highway, North Anne, OR 34818",80854,aCvMXiQO5kAD,10
Jamie,Webb,Data Scientist,Engineering,j.webb@example.edu,1988-04-18,(380)150-9937,"138 Adrian Crest Apt. 223, New Gerald, KS 44489",21133,A34UlQo7AN3d,10
Eric,Booth,Software Engineer,Engineering,e.booth@example.org,1983-05-25,(667)586-7112,"01669 Singh Points Suite 794, Thomasstad, OR 43617",45874,cPKJfoycpv2J,10
