First Name	Last Name	Job Title	Department	Email	Date of Birth	Phone Number	Address	Salary	Password
Tiffany	Lee	Talent Acquisition Manager	Human Resources	t.lee@example.com	1983-03-16	(894)739-5506	86285 Patrick Bridge Suite 342, East Shawna, TN 58535	27563	WjZgHnPl18rv
Rhonda	Larson	Financial Analyst	Finance	r.larson@example.org	1969-11-17	(992)271-2215	775 Richard Place, Kayleeberg, TX 34771	82152	6PSyCUK9oB7j
Timothy	Payne	Recruiter	Human Resources	t.payne@example.org	1991-07-14	(422)478-2710	93046 James Spring, Port Suzanne, MH 16232	242	5fe186aEhZW7
Kyle	Haney	HR Specialist	Human Resources	k.haney@example.org	1974-09-24	(438)397-2251	48304 Christine Garden Suite 331, Felicialand, KS 24681	52410	uPiibrJ90sQF
Nicole	Hancock	Controller	Finance	n.hancock@example.org	1994-05-11	(606)879-2984	336 Guzman Rest Suite 316, Johnsonhaven, ND 28948	14842	9IEzmH9wgcgP
Christian	Smith	Accountant	Finance	c.smith@example.org	1998-02-08	(854)804-3895	361 Watson Centers Suite 202, South Aaronburgh, PA 25862	3471	0Vr0J1SKANVQ
Whitney	Cook	Marketing Manager	Marketing	w.cook@example.com	1973-02-03	(634)501-2243	819 Amanda Park Apt. 334, Olsonfurt, PR 59121	5022	KP2Undx0Dgor
Alicia	Daniels	Social Media Marketing Manager	Marketing	a.daniels@example.com	1971-01-22	(710)724-2599	942 Ian Knolls, New Lindsey, ID 65760	61532	MPafqbIS4xgY
Sandra	Foster	Controller	Finance	s.foster@example.net	2000-02-24	(462)346-8322	0700 Carr Stravenue, East Thomas, WI 93840	69772	3IH7azoK4YSq
Christopher	Hicks	Marketing Manager	Marketing	c.hicks@example.com	1977-01-13	(510)088-3151	30858 Perez Turnpike, Meganmouth, OK 30274	56702	nFQhTWPs7vBG
Eric	Collier	Talent Acquisition Manager	Human Resources	e.collier@example.edu	1973-08-16	(859)763-6265	951 Wilkins Loop, Cheyenneborough, OR 31850	90258	i7cKRIqH8RAG
Nicholas	Brown	Controller	Finance	n.brown@example.edu	1977-02-24	(841)644-0656	47539 Maxwell Garden Apt. 435, Hernandezshire, NM 19873	7147	9JhQeZMkCbow
Wayne	Flores	Social Media Marketing Manager	Marketing	w.flores@example.net	1979-06-16	(394)481-3439	237 Johnny Estates Apt. 891, East Teresaborough, NH 38845	17297	3Jp2t8lXgmYZ
Erin	Hanna	Recruiter	Human Resources	e.hanna@example.com	1962-02-24	(159)980-1706	880 Molina Common, Brucestad, TN 89668	86253	0fopSCIaKYDK
Michael	Williams	Talent Acquisition Manager	Human Resources	m.williams@example.net	1974-07-19	(416)341-5696	405 Reyes Green, New Christopher, CO 84071	91983	2QkfxOZq4XpA
Natasha	Howell	DevOps Engineer	Engineering	n.howell@example.com	1964-07-10	(870)175-7495	6613 Pineda Square, Port Rachael, NE 57193	23142	t0OcLjsI4dWh
Terri	Caldwell	Account Manager	Sales	t.caldwell@example.edu	1979-12-08	(766)924-5973	USNV Lara, FPO AA 35831	46057	2EiZmksl8hQP
John	Alvarez	Financial Analyst	Finance	j.alvarez@example.com	1995-06-10	(283)110-9363	297 Lane Forges Apt. 351, West Shirleyfurt, NE 04467	13633	5pW5KIVegA7o
Jennifer	Lawson	Talent Acquisition Manager	Human Resources	j.lawson@example.org	1997-10-13	(159)881-0544	5605 Gutierrez Drive, Timothystad, ME 88962	75466	8fk2QIYxPx6X
Kyle	Cox	Financial Analyst	Finance	k.cox@example.com	1986-03-21	(128)738-6881	585 Anderson Locks, Gilbertchester, MP 89641	46171	rw56NLGpa02q
Joy	Patrick	Social Media Marketing Manager	Marketing	j.patrick@example.net	1988-06-20	(418)930-8823	4350 Todd Mills, Mitchellfort, MN 73963	40898	fhsVWv0Atm6H
Christopher	Houston	Marketing Manager	Marketing	c.houston@example.net	1994-11-16	(492)455-4835	67918 James Hill, Samanthamouth, DC 88753	59183	OQwvKTaT5H5s
Amy	Richardson	Account Manager	Sales	a.richardson@example.com	1994-08-01	(958)719-9491	53498 King Ports Apt. 506, Port Walter, WA 10996	53872	t5tF1N2XAvge
Sherri	Moon	Account Manager	Sales	s.moon@example.edu	1986-11-19	(940)642-5962	1222 Bell Courts Suite 879, Port Tonyaville, RI 88212	36172	FN1iSNk17SPR
John	Marsh	Data Scientist	Engineering	j.marsh@example.org	1963-06-08	(187)646-5742	USNS Schultz, FPO AA 56741	67440	eb9jPoIH4X59
Cynthia	Bryan	Financial Analyst	Finance	c.bryan@example.net	1980-02-15	(679)783-9227	339 Hines Heights Suite 755, Harrisfort, WA 57132	59199	iLt7ovfep4m5
Deanna	Fry	Business Development Manager	Sales	d.fry@example.org	1986-09-29	(562)407-3522	847 Brittany Islands, Port Johnburgh, MT 38607	9404	5Qh80F6iHG5a
Rachael	Dixon	Recruiter	Human Resources	r.dixon@example.net	1980-03-30	(813)376-7201	618 Wendy Union, South Ruth, MD 34996	46479	UynHMmBGk398
Christopher	Ruiz	Software Engineer	Engineering	c.ruiz@example.com	1977-01-24	(912)112-5938	0909 Hubbard Field Apt. 409, Lake Pamelahaven, FM 52360	59076	CpketHL04UKT
Brandon	Holloway	Marketing Manager	Marketing	b.holloway@example.com	1972-07-21	(606)423-8875	30841 Dawson Gateway Apt. 562, Conniehaven, UT 92474	9375	becKmeKbb8Wy
Laura	Harris	Marketing Manager	Marketing	l.harris@example.edu	1998-09-01	(995)732-8769	USNV Acosta, FPO AE 41467	93933	9ma7frqFrBBK
Kyle	Moran	Account Manager	Sales	k.moran@example.edu	1986-12-01	(291)181-2138	9817 Kevin Ridge, West Stephaniechester, VI 60908	49271	0vNiTP0aZ3Hp
David	Dixon	Business Development Manager	Sales	d.dixon@example.com	1995-10-18	(164)457-9799	USS Koch, FPO AE 69943	20569	22LCv9AEvaSB
David	Cuevas	Recruiter	Human Resources	d.cuevas@example.com	1997-04-01	(144)599-2014	6677 Wall Well, South Brentville, ND 91843	68217	7U2AroCrtXJ3
Kevin	Carter	Financial Analyst	Finance	k.carter@example.net	1984-02-23	(304)041-7494	7282 Clark Gardens Suite 299, Lake Devinfort, TN 43190	29027	G62ikhRRh6Qt
Daniel	Wilkins	Recruiter	Human Resources	d.wilkins@example.net	1974-07-22	(483)356-6100	983 Barr Fort, Lake Christinafort, FM 71422	11632	hr5TegKVA26C
Anthony	Proctor	Talent Acquisition Manager	Human Resources	a.proctor@example.com	1994-11-01	(650)721-2419	USCGC Christensen, FPO AP 23309	64549	14MgZbrr9mTQ
Amanda	Mullen	Recruiter	Human Resources	a.mullen@example.com	1965-07-23	(804)235-4693	753 Lee Loop, Port Anna, VA 77736	46246	v3xl9VscqLja
Thomas	Hensley	DevOps Engineer	Engineering	t.hensley@example.edu	1987-03-02	(806)003-7776	5843 Conley Forges Apt. 599, South Miranda, SC 37510	80187	iZccVmrpw0l0
Brittney	York	Marketing Manager	Marketing	b.york@example.net	1960-04-14	(677)222-0725	99175 Jordan Prairie, Lake Kristafurt, TX 64884	9181	pLQ6wTXAmXVL
Monica	Smith	Business Development Manager	Sales	m.smith@example.com	1979-08-20	(498)884-9381	9070 Johnston Mews Suite 253, East Jackside, NJ 04209	38509	46ZUD9UrK8ER
Angela	Knapp	Data Scientist	Engineering	a.knapp@example.edu	1961-10-18	(850)150-9218	48172 Martin Plain Apt. 620, Lake Beth, DC 55971	87061	n1KExGQjipJT
John	Walsh	Account Manager	Sales	j.walsh@example.org	1980-09-13	(416)923-2701	3229 Mackenzie Plains, West William, TX 99075	21761	4NENQUqX6wjz
Pamela	Klein	Recruiter	Human Resources	p.klein@example.edu	1999-07-19	(826)017-7058	49822 Wheeler Ports, New Darrenburgh, CA 96781	19964	614O7Mpxf7PM
Christopher	Robinson	Data Scientist	Engineering	c.robinson@example.org	2001-10-08	(415)699-7649	843 Jeremy Keys, East Jeremy, TN 15747	29834	1V0EJUZTLmQu
Katie	Bernard	Sales Representative	Sales	k.bernard@example.net	1992-01-15	(474)255-2998	47816 Kristina Crest, New Maureen, LA 30742	57174	v8xLtqONXJYo
Jeff	Jacobson	Account Manager	Sales	j.jacobson@example.net	1985-12-17	(689)075-0542	94629 Frye Village, South Kimberlyfort, AS 01912	16748	WH7YkGvCuug2
Jennifer	Pierce	DevOps Engineer	Engineering	j.pierce@example.org	1997-01-03	(162)600-0346	6182 Mcdonald Mountain, New Lisaburgh, CO 88386	58121	u04WHGjm1ihK
Frank	Sanchez	Content Marketing Specialist	Marketing	f.sanchez@example.com	2003-07-18	(902)521-9731	071 Gonzalez Landing Apt. 572, North Taraton, GU 76691	58412	xltV5HPYE54B
Ian	Smith	Business Development Manager	Sales	i.smith@example.net	1970-02-18	(617)066-1830	PSC 5945, Box 9545, APO AA 28674	32429	uba3L9tOWgIb
Jeff	Taylor	Sales Representative	Sales	j.taylor@example.edu	1985-03-25	(381)920-0089	79165 Monique Pines, New Phillip, WA 69501	78911	izLOMJYZ70J9
Judith	Parker	Business Development Manager	Sales	j.parker@example.org	1998-09-24	(459)101-6095	21217 Rogers Shoal, North Joshua, VA 59833	36829	N0xrZ6gu7WQA
Theresa	Thomas	HR Specialist	Human Resources	t.thomas@example.com	1960-12-04	(317)966-0905	717 Morgan Grove, North Jacobborough, CA 67298	76819	9AinLNgUXipx
Amanda	Moore	Account Manager	Sales	a.moore@example.com	1978-03-25	(376)340-6563	5221 Acosta Expressway, Nicholsfort, IL 47254	59072	w3lo3kHJDLWQ
Matthew	Mason	Accountant	Finance	m.mason@example.com	2000-12-21	(989)097-0215	40373 Kevin Plain Apt. 105, West Meghanland, VA 57375	84724	ju5ZLQVbfdI8
Brian	Hawkins	DevOps Engineer	Engineering	b.hawkins@example.org	1985-07-30	(512)768-6018	73064 Alex Cliffs, East Maria, AR 44369	21509	8J6VSlxzanXI
Mary	Lee	HR Specialist	Human Resources	m.lee@example.com	1999-05-08	(726)642-7769	611 Byrd Ferry, South Danaburgh, PR 08682	16200	pwCTmX6u7Igy
Gavin	Graves	Business Development Manager	Sales	g.graves@example.net	1962-05-17	(630)958-6619	61024 Ronald Wells Suite 110, Johnsonfort, NE 78382	22637	RXt9hME27hAr
Richard	Flores	Content Marketing Specialist	Marketing	r.flores@example.edu	1985-06-12	(596)077-2262	8920 Patterson Fork Apt. 397, Santanafurt, PW 77092	64277	H1NsciGA5QrS
Joshua	Boyer	Accountant	Finance	j.boyer@example.org	1995-01-03	(287)894-7670	6420 Yates Manors, East Jill, PA 62991	99453	7WHOBkcZ70g7
Haley	James	Sales Representative	Sales	h.james@example.net	1988-04-17	(237)607-0194	8739 Singh Gateway Apt. 517, Billyland, MI 37046	52131	ipWTJy2uAQ0P
Virginia	Aguilar	Account Manager	Sales	v.aguilar@example.com	1978-11-26	(738)750-3151	18801 Marcus Summit, Jessicamouth, UT 82534	65441	tOSCX4usEs21
Tracy	Wilson	Marketing Manager	Marketing	t.wilson@example.org	1997-12-05	(560)145-6761	PSC 2209, Box 7365, APO AA 29050	72294	unBX8vxgTm7t
Katherine	Bennett	Financial Analyst	Finance	k.bennett@example.net	1979-06-29	(420)477-2440	21299 Lisa Mountain Apt. 777, East Megan, ME 67618	60394	0PYDHpJhXGG8
Julie	Warren	HR Specialist	Human Resources	j.warren@example.edu	1980-07-03	(865)529-2417	9902 Juan Turnpike, Hillhaven, GA 16598	41573	EKtJbRQbY0Yz
Wanda	Baker	DevOps Engineer	Engineering	w.baker@example.org	1963-01-11	(636)077-9329	4513 Cantu Courts Apt. 578, Lake Waynefort, FM 74994	75086	2ApZohBk1Ofb
Sara	Dominguez	Social Media Marketing Manager	Marketing	s.dominguez@example.com	1999-09-09	(212)189-1009	06984 Hector River, Port Brandonside, AL 78479	69324	ianjNyMf1Okk
Samuel	Rose	DevOps Engineer	Engineering	s.rose@example.org	1977-06-04	(353)154-6115	2600 Katherine Junctions Suite 392, Brookehaven, KS 42235	84091	K7p2D8Z0QeBd
Kristie	Johnson	Account Manager	Sales	k.johnson@example.edu	1974-09-12	(738)190-4989	764 Elizabeth Corners, Jenniferland, AK 00725	93226	7lel5loOJmJO
Kaitlyn	Malone	Business Development Manager	Sales	k.malone@example.com	1994-03-23	(301)767-2646	9248 Lewis Spring Suite 218, West Katrina, MS 56477	28159	LMHaNE6jR1lZ
Douglas	Evans	Content Marketing Specialist	Marketing	d.evans@example.net	1976-05-25	(826)251-2991	023 Murphy Neck, New Michaeltown, AS 83905	15527	6sRCfYFLtKUa
Edward	Morgan	Financial Analyst	Finance	e.morgan@example.com	1997-12-16	(893)944-2414	Unit 6265 Box 7396, DPO AA 77223	1578	T4KSoUanVolX
Nicholas	Schwartz	Accountant	Finance	n.schwartz@example.edu	1962-09-23	(507)859-4958	USCGC Dennis, FPO AE 71582	57958	7ylBEUaeg2Cg
Thomas	Taylor	Sales Representative	Sales	t.taylor@example.edu	1975-10-30	(990)632-2445	14217 Mark Field Apt. 807, Delacruzberg, NE 39417	58493	0ykdnkEJm3Jh
Kenneth	Walker	HR Specialist	Human Resources	k.walker@example.edu	1991-04-01	(576)050-4273	75938 Paul Vista Apt. 786, North Jeffreyburgh, VI 85212	93225	Ls3ObJw6j0GZ
Logan	Brown	Sales Representative	Sales	l.brown@example.org	1975-02-08	(504)342-6198	04927 Tony Turnpike Suite 652, Melissaton, OH 50475	84775	u61aGTJwhbft
Kimberly	Jimenez	Financial Analyst	Finance	k.jimenez@example.com	1974-04-27	(803)041-4119	PSC 5041, Box 8483, APO AP 72375	86175	tF0eZKflAe5E
Timothy	Copeland	Accountant	Finance	t.copeland@example.edu	2002-11-13	(300)006-5731	364 Ray Groves, South Antoniomouth, ID 78748	93811	oB6R4Ni3RIXJ
Rachel	Harrison	Accountant	Finance	r.harrison@example.org	1993-05-19	(154)227-0482	Unit 7860 Box 6859, DPO AA 06975	55813	0PZpTcrzy9oK
Christine	Brown	HR Specialist	Human Resources	c.brown@example.org	1982-01-08	(511)384-6501	7001 Joseph Harbor, Benjaminfurt, TX 79636	52091	Y7NsnC80o0ZE
Tina	Lee	Data Scientist	Engineering	t.lee@example.net	1975-12-21	(442)347-7704	306 Banks Corner, Christopherbury, ND 15707	74713	TW4AKAWrD174
Lisa	Bailey	HR Specialist	Human Resources	l.bailey@example.edu	1960-04-22	(522)441-2392	0089 Jones Meadows, Lake Tony, AL 12180	37498	33goENGZ2sRA
Diana	Andersen	DevOps Engineer	Engineering	d.andersen@example.org	1993-12-17	(557)106-1683	805 Jimenez Track Suite 701, Tracybury, FM 67303	69911	TQILkpiD24rl
Robert	Pierce	Business Development Manager	Sales	r.pierce@example.org	2004-05-11	(628)304-4755	2711 Perez Island, Shannonbury, MH 13797	71527	4dvd8xqBgwLh
Peter	Chavez	Marketing Manager	Marketing	p.chavez@example.edu	1964-01-02	(184)251-5808	83880 Martin Squares, Haydenview, RI 97477	33	dsJlVXBssu1Q
Nicholas	Morton	Social Media Marketing Manager	Marketing	n.morton@example.net	1976-07-29	(326)269-5214	PSC 1500, Box 8574, APO AE 08368	43734	FFhhqO2A1dI9
Eric	Swanson	Marketing Manager	Marketing	e.swanson@example.net	1990-07-16	(513)300-9661	7173 Hardy Ways Apt. 261, West Jeffrey, MA 02296	25068	zU0XDVEiEZ7p
Philip	Baker	Recruiter	Human Resources	p.baker@example.edu	1992-01-08	(335)486-3395	304 Alicia Junctions, Moralesland, NV 06924	22558	H3YzWge4Zkex
Stephen	Lewis	Talent Acquisition Manager	Human Resources	s.lewis@example.net	1963-01-19	(237)922-8886	880 Timothy Mountain, West Wayne, SD 87875	96574	4QL9bnvjOdvo
Daniel	Mata	Accountant	Finance	d.mata@example.edu	1968-08-09	(415)867-3110	646 Sherry Expressway, New Alexandra, VA 37497	72362	7wMzQMRi3xIv
Michael	Perry	Controller	Finance	m.perry@example.edu	1986-12-06	(413)368-9655	882 Michael Road, South Tammytown, VA 29203	2645	Cp4HCsyC7rVR
Misty	Flynn	Sales Representative	Sales	m.flynn@example.edu	1964-08-06	(534)839-1776	01016 Bell Knoll Suite 020, South Stevenmouth, MP 63924	72398	zL6IRFqpR5Ee
Brittany	Wells	Recruiter	Human Resources	b.wells@example.net	2000-12-12	(869)866-8244	684 Sandra Centers Apt. 683, Port Taylorburgh, CA 18736	26276	3SxsdOlXpv8W
Monica	Hicks	Content Marketing Specialist	Marketing	m.hicks@example.edu	1963-06-11	(725)574-5228	263 Ashley Stream, Lake Michaelshire, LA 41912	1869	vWd2uzhy0HJh
Erik	Mccall	Account Manager	Sales	e.mccall@example.com	1972-02-02	(175)537-1584	7983 Horne Centers, Monicastad, IN 26945	16094	t0PNLGONoi6l
Katie	Shea	Controller	Finance	k.shea@example.edu	1971-06-02	(873)051-6483	868 Joseph Corner Suite 509, New Phillipbury, KY 19504	33808	pHPe0nV56jw8
Megan	Thompson	Data Scientist	Engineering	m.thompson@example.org	2004-08-27	(223)042-3103	15770 Katherine Turnpike, Lake Peter, MA 32259	5703	rtXHEcekxq97
Taylor	Grant	Software Engineer	Engineering	t.grant@example.com	1987-10-25	(797)282-8459	8904 Shaw Plain, New Angela, AS 85366	81323	mMNuOkls78KA
Selena	Leach	Talent Acquisition Manager	Human Resources	s.leach@example.net	1987-03-16	(446)844-6616	60899 Olson Cliffs Apt. 236, Port Christopher, WV 40017	57410	QdYttEL2I36d
Jennifer	Adams	DevOps Engineer	Engineering	j.adams@example.com	1968-12-20	(943)401-6094	5264 Hickman Plain, Mariaton, WY 21843	68830	8WfthdEbGG1o
